tweet	label
@user hiii woh ni danissa bae	negative
Podi nu ku bah hloko? 😂	negative
Na wene o tha hi tsemisa a thinbandla https://t.co/EU5xs0d7KS	negative
Timaka ta tiku ... hayi dza vhanu...mupfoti !!! Hina hi tsama na hi kwatille ...e loko u vhutissa hi kwatela hine... u tatwa...swe tititi...!!! #MADIMONI_NTSEM...!! https://t.co/HjO7fqZWqn	negative
A uli kwatini lani	negative
@user U Tafa U Siya Ulombe!	negative
Tá ti khulo... a swa tlhavi, swo hi luma! https://t.co/y3fvGivSN1	negative
Morning World ya mantximba	negative
Nitako panhula hi xinwe xa tiro lá 😎 https://t.co/7CWlk5fIV1	negative
Walaku yih nhenhentsa la 😹😹😹 https://t.co/L9kGjkEWGo	negative
@user Tsika ku hi lhanhela wena	negative
Wa ti khotsa mas ma anca ma ku nyenya 😭😭	negative
@user @user @user @user @user Buti vahlupha yeah ikhomiwe hi babalza wavonaka. U etlele abyikile.	negative
Loku ni file... munga ni rileliii.... https://t.co/UElg75ATcr	negative
É para u mu kwapiwa BEM https://t.co/fcZ2fMohdo	negative
Hali ""nem ti fica bem falar changana"" Awe ungani nhenhentsi	negative
Loku u gwira n'taku tsika https://t.co/eiibdga0qK	negative
@user Swi ta hellah leswo!	negative
A titia lweyi adja COHIBA 😭😭 https://t.co/0NajjuUiOI	negative
@user Porque wena u tsutsumile	negative
@user Vava sati va ti xixa sametaime.	negative
@user A he kona tingana. Vah swi veka dlekeni kunene 💔💔💔	negative
@user Hinkwavu mu nga khanela ih vona ih ti nguavani... The end 😂😂...	negative
@user @user Swi ta gama hi merda 😂😂😂 Loko nifileee munga ni rileneee 😂🔥	negative
A maleeee, ya hellooo!! https://t.co/mv6J34xl7p	negative
@user Hawenna és tu essa??? A xinhopfane	negative
@user Haaa hedjoh. Humani ka swona leswo pah	negative
Ni nguena kwini ka Megan mina	negative
@user Edjo, ni tsiki mina	negative
@user Ni tsiki Denilson 😂😂😂😂😂	negative
@user I wena lwey😭😭😭🤣🤣🤣🤣🤣🤣	negative
@user Hi maka muni 😥😥😥	negative
@user @user Uta pfuka hi choque	negative
@user @user @user @user Cava la ma’combo 🔥🔥🔥 https://t.co/JfhwlIP4ar	negative
@user U tskika ku yi kwapa	negative
Paula vs. Mass Aweee Swita gama hi merda 🔥 #FicaemcasaRealityShow	negative
Fiz stiker com Mr. Bow. 😂😂😂😂😂🔫🔫🔫🔫 ""Ni tá ku panhula hi xinwi da tiro"" 😂😂😂😂 https://t.co/8cCPmtn7OK	negative
@user Ntsen, anze namuntlha hi pfuniwa hi iena, anguezi a hi tsika 🤲🏾	negative
Ele ali blah blah blah... Ni ta ku dhlaya Maki... Vá ku mu shim... Hloku ih ku gah😭😭😭	negative
@user Yoooooo welele mamane. Ulava nitisunga utahanya, kê?	negative
Una swikwembo swa nguendza! Hi yena nyankwavi? Kumbe nyamkwavani https://t.co/QbK5YhaPPg	negative
@user Hedjou mutota xa loya pha🙄😏🤣🤣🤣💔💔 https://t.co/c2TM8R2akp	negative
Edgar Domingos wa hi xanissa 😑	negative
🇵🇹: De repente, deu-me uma chapada 🇲🇿: 2 por 3 no tekiwa hi mphama😹😹💔🔥	negative
U ni tx0vah yinih	negative
@user Uta ni rila, Uta ni khumbula	negative
Morning Cruel World swa mbangui ni ma cigari ntsê	negative
@user Ahahahaha fuck u	negative
@user Ku loyeka moloyi!	negative
Mutavhona nudes ya mwaku	negative
@user Djoh! Taba wena?	negative
Va vasati va taku tsovha	negative
@user #topic he uncle ni huma kayena maybe ani fit kuva ni hanya na yena...rirhandzu arikona. Niri Khombomuni-Mozambique	negative
@user 😂 u khanela ngopfu	negative
Kuhisa ka dyambu kuhi endla hi xaniseka kasi kutitimela hita orha ndzilo	negative
@user mbilo yamina ya vava muhaxi hi xiyimu xa Chiefs. Ku anitivi ku ku humelela yini eshhh. Niri Khombomuni-Mozambique	negative
@user @user Ahm afinal 🙂 ok ok mu tanha matximba	negative
@user Nghamula's na muvona loyi atikomba akudya angaholovana naswona muti ariyexe yo tsoveleliwakunene lava hi lava va malaitxa hala jone mara loko vafika akaya va hembela avanho vaku vona i hende(VA HEMBA)@user @user @user	negative
""Haai fotsek wena!"" https://t.co/cfJ93lgYBT	negative
Futseka wena pah... eish https://t.co/MTCxPd2P4I	negative
Nala nziwena famba. Huma huma huma. #RL #MMCXVI	negative
Mutxumbo swa matximba só! https://t.co/06RanDwb6T	negative
Shiii. Minhas amígdalas 😭😭😭😭 swa wawisseka 🙌🙌	negative
@user Ahahahaha ! Sai wena	negative
@user 😂 ni khazalile hi valandi, ni khanela xibrazileiro swophwi	negative
😂😂😂😂😂😂😂😂😂😂😂💦 u peta mate Mpfana https://t.co/Urhr7AVLBo	negative
""Xa ku xonga gostosa,mas xi ni kehele dzaa ku lhanha, xi woni maraku, xi ku txukatxukanhana mas ah kehele, a wawassati wa danissa pa"" 😭😭😂😂🙌	negative
Hi nada woo ni singuinta a ni xkrava Xa mhuno https://t.co/fk811dRy9H	negative
Uno mona wena😂😂😂 akayi ndawo!!! https://t.co/9nFSYS6wCI	negative
@user Papai wa wena a ni fama lá Mazungane, hi Domingo a kaya ka wena wi vona hi swi patuani, swi ga zungueliwa a swi gantluaniiiii. 🤣🤣😂😂😂	negative
@user @user @user nina wena muhaxi hiloku yi sukile problems liyani kusuka Mozambique	negative
*Mxm, ku loya tsen! https://t.co/lFqsh0GNsF	negative
Ya Niketche .. Paulina Chiziane	neutral
@user Wa gweli mata wanga	neutral
@user Siku ra kahle eka vahaxi hikwavo va MLFM nava ingiserhi. Hambi na kava manani va xikhongelo. iNtukulo wa Gwambe na Dzavale xihluke xa Ngungunyane kusuka la a Gwambeland.	neutral
😅😅😅 mu khanela e ma relacionamento 😂 mawaku	neutral
@user Kola ka maputsu?😂😂😂	neutral
@user @user @user @user @user @user a wu fambi na minkarhi	neutral
Ni taku orientara pahh	neutral
“Paaah uta pfuka hi choque” https://t.co/RIIZRCJ0ls	neutral
""Stupid little bitch, wena wanilava mara ukuluma hi svipiko, Loku univona uhuma maSpritu"" Dentro de dias droppo esta cena, então é isso. https://t.co/IawbpECpnw	neutral
@user @user @user Ehhhhhhhh hiti weekend??? Se Monday to Friday kutava na yini lahaya ka Phaphama?	neutral
Mina ni ne fambila	neutral
Ku nghene vafana vale Mozambique pensel xivondwani bokisi @user #mindzumba	neutral
@user UNGULANI BA KA KHOSA	neutral
@user U swi kumile?	neutral
""Makhombo ya lowo lulama ma tele, Kambe Yehovha wa n’wi kutsula eka wona hinkwawo"" - Psalma 34:19	neutral
@user @user Ntiyido Leyo! Wena wasvitiva.	neutral
Todes, hi va ka ma? https://t.co/NbRnY18hzd	neutral
Mina ahi mina ninga tsala.. Ku tsale @user..... Lol 😂 😂 😂 😂 😂.. Ani dyondzangi phonetics. https://t.co/pKp4TPVIC7	neutral
mina niheta ku hlamba niya xavisa a masweet a ringine ya la diepsloot ext 2 himina adam siolhe la diepsloot akaya hile mozambique chibuto #uyakwini	neutral
@user @user #Xighanga ja tavuya la....mi horisa mbilo ya mina muhaxi ka maxangu ya Chiefs	neutral
Vunanga bya kahle boti Russ Russ niku khoma hi 810dstv nile kaya ka chokwe Mozambique @user @user @user	neutral
@user u fambela kwini djaha la mina	neutral
Teka teka teka teka teka teka teka chegaaaaa... https://t.co/qzVvhuoWze	neutral
Loko era mina! 😂😂😂😂😂 https://t.co/clzQhVxLnc	neutral
Ihh ya 🤣🤣🤣😹👏🏻2x https://t.co/16vjsDXmTe	neutral
@user 😂😂😂😂 vaka maluleke a va kohlwi	neutral
@user @user Ke ko Maputo, wena o va...?	neutral
@user Hehehehe Na swi vona.	neutral
@user Epa ya pa 😁😎	neutral
@user i tiyiso lowo ke or o ku	neutral
Boluha ra Rio Limpopo hila ni nga kona https://t.co/xBkAA3SsFP	neutral
@user Ko geno or ko wena?😂	neutral
@user Kulova swa xijuma-jumani, nkarhi wo swirhambo akuri hava 😄	neutral
Mara wa yimbelela matswabemuda suka madoda @user	neutral
@user @user #HHW sesi famba hi wexe uya vonana na papa swinga endla mhani tsongo vangari kahle	neutral
Ya, wena uh wanuna https://t.co/Lkau7eH3Mr	positive
Mr.Bow - Xikwembu Rhivalela (LMNTVR COVER) 🙏🏽❤️🇲🇿 https://t.co/0ViAHBqQ3b	positive
@user Famba uya Teka..🤲🏽🤣	positive
@user Ni pfukile khanimambo wene ke wo hini ?	positive
@user Ih swa hombe... Na mina ni kwatsi😎	positive
Em changana: “a tsiki ku dondza xkola para a tsama ka mati a yentxa leswiya”	positive
Unga rhuli. Unga heli matimba. A siku lá ntsovelo li ta fika. Tsemba na u tiyissela, konkoma uya malhweni kunene - Tsemba!	positive
@user Swa tsakisa xem	positive
@user HBD muhaxi wamina kula swinene xikwembo xiku katekisa tindlhelene tawena ku navela kawena ku endlheka,ni rivaleli akulhwela ni xave amapawa nilava akuku navelela asiku hi wona niyo pfumala amunu akumu nyiketa😂	positive
Rise and shine. Auxeni va makwezu. Mo yini?	positive
Wena wako sungula https://t.co/aJqRyAInAs	positive
@user Lol mina ni dilitile 😂😂😂	positive
@user cala ukwini ni ni male	positive
Ahi Pfumeleni Ka YESU. https://t.co/fFQymlMcj6	positive
A xtilo swa ndzwana i xwine, xtilo swa bob i xwine, xtilo swa Nsakomaaaa! Heeee hi dhile e DogStyle🔥🔥🔥🙌	positive
Buyani mini pfuna Ku tsaka 🕺🎉😁🙌 https://t.co/lJcG43zICk	positive
Yaba Buluko a invadir a terra do Rand, Salute Dj Tarico.	positive
@user @user Uni gomo lá ku sasseka ntombi	positive
@user 😂😂😂Na mi vona	positive
“Miya ti helleni”😂😂😂😂 https://t.co/vysSZf8zpm	positive
@user Dri Xile. Hoyine ku pfuka?	positive
Nilava ku phuza nifamba @user Muzumuia, Gaza, Mozambique https://t.co/YEeZFUkG8s	positive
Pfulani ndlela, niya vona Mhake wa mina... Niya vona Buti... Niya khoma ti tombe ta maswula... Niya kuma wuswa la ku Sila na dledlela laku tsakatiwa...	positive
Há weh, tlanga u lhuwela de #MelanciadeMoz https://t.co/1aLPypciLA	positive
@user A lirandzu la mina na wena	positive
La famba bicha La teka bicha https://t.co/SUxEIEBk32	positive
@user Ha Xikwembu tatana ha hanha kwatsi, akuna sfwo karhata, vana va tlhanga vatlhela va beliwa hi mumu! KA HISSA	positive
A loko niku ihhh	positive
@user Inna makwezu.. a tsaka swinene	positive
Kuni Lexi Xini Vavissaka Moene Tem Algo Que Me Doe Na Ventania Epha🙆🏾‍♂️mas Lizha James 😂😂😂 ❤👉🇲🇿💯🌍💪✌	positive
A mu txoveloooooo 🏃🏾‍♂️🏃🏾‍♂️🏃🏾‍♂️ https://t.co/t6MsVoFFem	positive
Ni komê ntombi ya lissima...	positive
@user @user Até falhei,dizem HI VITO DZA TATANA NI DZA NWANA NI DZA MOYA WAKU LHAULEKA AMÉM. AMÉM	positive
Mr. Bow - Male Ya Matchangana #MMA	positive
@user @user Inna ni nayo	positive
@user auxene badaya akuna swa ku biya, wena kê?	positive
A ndzutini Wa vovó..... https://t.co/yvhxQ0LspK	positive
@user Na hanya. Akuna swa ku kazata. Khanimambo 🙏🏾	positive
Khoma xi thia Khoma Khoma Khoma Na sua mulher Khoma Khoma Khoma Aikhona unga mu tsike wena Khoma Khoma Khoma No seu marido	positive
#topic nilava va khupula byala na mudende @user @user @user	positive
Mfana wa papa https://t.co/LeZxk3AL0w	positive
Fambani ku etlchela .. 🙅	positive
Edjo Tas vivo Ih https://t.co/FTVoKbPxYN	positive
@user Ina ka, sabemos!	positive
@user 😂 U Hulkile Brada!	positive
A ku khina phela swa ni tsakissa Wah yoo yooo Hi yeah yeah yeah hi yoooo… https://t.co/ILseZGYvS7	positive
@user Ni bom, nouta xizami wena keh ?	positive
@user @user @user @user @user va tava 💪strong	positive
@user Hehe Ya maning ""	positive
+1 .... Do Teka Famba* 😿 https://t.co/D6sCRwlon2	positive
Yoh koma xtensao hiya vheka u dia himissava	positive
@user Pfukile ah hombe ingo wena?	positive
@user @user @user #topic mina nilava va tlakusa byala na mudende	positive
A sati wa mina ni murandza swineni 😍 😩 👏 https://t.co/XHxDB2nfMk	positive
@user Ho yini kupfhuka?	positive
Viver anima! A ku hanha swa nandzika!	positive
@user ni kwala Tsakani bottle store https://t.co/aSng3k4t58	positive
Niku khoma hi 810dstv chokwe @user	positive
@user Ih ta boa 💃🏽💃🏽	positive
Tou Biz num Teka famba ih, or pizza	positive
Na ku Thanda. '	positive
@user ni bom vo hine kaiya kwako?	positive
Namutla hi siku laku tsaka, nguena Thepelene mwananga... ♥ ☺ #God.	positive
@user @user ku kahle kahle nwana se uva tolovelini ku unwi hlayise kahle	positive
@user swina nkoka swaku vandyondzisiwa andavuko wa hina, hi yendlhela ku vanga tivi mitxino yo rhuketela😂	positive
Wa rhandziwa hi nwana wa fika Ka Mina ??? @user https://t.co/UCortaEcbq	positive
Zabela wa mina... Na ku xuva ngopfu nkata!!! 💓😍😘 Minha granny is… https://t.co/i8Eiz5BC8n	positive
@user Famba Xikolwene Ndwena.	positive
@user Teka famba djo	positive
😂 nibom, wena ke'? 😁 https://t.co/dd6fznGrGp	positive
@user Nipfuki kwatsi ndoena, hantivi wena?	positive
@user ta khipa, tolo ni xise chipenhi matlelo yale xai-xai	positive
ah haina txumo.. vatxongwona vá xenga.. https://t.co/R7AczYyZQd	positive
u ta rwala ntsovelo i siku lo tsaka u ta rwala ntsovelo	positive
@user @user Ni txunarele vabai 😂😂😂😂😂😂	positive
@user ndzi kahle ngopfu ndzi khensa vuyingiseri bya wena paito hina hi kwala bileni ka masiya hi ya ka xaixai	positive
@user namina ni cool mungan0..'Kkkkk..ama novidade ke.?	positive
Mara sesi lava vona hey💣💣💣🌹🌹i xiluva xa mbilu yanga xoooo @user Ponta Malongane Beach https://t.co/9WUv4zFoK7	positive
@user 😂😂niwakhali ni makhastamo mina, unganivhoni	positive
@user @user @user @user ni fike kalhe khensa ku naveleriwa rendzo lerinene	positive
Kanimambo mamani na ku kensa ❤️ @user Mozambique https://t.co/YboajRP2fX	positive
Kulo sala two days Ku ni vuyela Africa do sul	positive
BEKA MA VHOKO HENLHA AND SAY WASSUP! NTWANA WA NI VHONA. MY TIME IS ON THE WAY!	positive
@user @user Ku sukela nini ka mama?	positive
@user wa ndzi tsakisa loko u vulavula xitsonga @user Hlaya....😊 https://t.co/KaawS6lq28	positive
@user @user loko mo tlanga draw Ku tava lucky	positive
Ih matapa djo	positive
@user Ni pfhukile. Ni khensile.	positive
@user @user Wena wa xwitiva	positive
@user @user @user ha khensa a swive tano nale ka wena	positive
Np: A swa lissima iku ti Beka hansi - @user , #IBS	positive
@user DJ Brian nzi kombela a ngoma leya summer wa rhanza Ku endla advert ha yona ka TV hambi mi tsanzeka rumelela Vito	positive
@user @user Wena wa xi tiva	positive
@user hi swinwe niri la Mozambique nikha ntlangela birthday ya mina	positive
@user Ni pfhukile. Khanimambo. Ho ini kupfhuka?	positive
“Hita famba moyeni” 🇲🇿 @user Chingozi Airport https://t.co/gU1amZUixq	positive
