ID	tweet	label
ts_dev_00001	@user hiii woh ni danissa bae	negative
ts_dev_00002	Podi nu ku bah hloko? 😂	negative
ts_dev_00003	Na wene o tha hi tsemisa a thinbandla https://t.co/EU5xs0d7KS	negative
ts_dev_00004	Timaka ta tiku ... hayi dza vhanu...mupfoti !!! Hina hi tsama na hi kwatille ...e loko u vhutissa hi kwatela hine... u tatwa...swe tititi...!!! #MADIMONI_NTSEM...!! https://t.co/HjO7fqZWqn	negative
ts_dev_00005	A uli kwatini lani	negative
ts_dev_00006	@user U Tafa U Siya Ulombe!	negative
ts_dev_00007	Tá ti khulo... a swa tlhavi, swo hi luma! https://t.co/y3fvGivSN1	negative
ts_dev_00008	Morning World ya mantximba	negative
ts_dev_00009	Nitako panhula hi xinwe xa tiro lá 😎 https://t.co/7CWlk5fIV1	negative
ts_dev_00010	Walaku yih nhenhentsa la 😹😹😹 https://t.co/L9kGjkEWGo	negative
ts_dev_00011	@user Tsika ku hi lhanhela wena	negative
ts_dev_00012	Wa ti khotsa mas ma anca ma ku nyenya 😭😭	negative
ts_dev_00013	@user @user @user @user @user Buti vahlupha yeah ikhomiwe hi babalza wavonaka. U etlele abyikile.	negative
ts_dev_00014	Loku ni file... munga ni rileliii.... https://t.co/UElg75ATcr	negative
ts_dev_00015	É para u mu kwapiwa BEM https://t.co/fcZ2fMohdo	negative
ts_dev_00016	Hali ""nem ti fica bem falar changana"" Awe ungani nhenhentsi	negative
ts_dev_00017	Loku u gwira n'taku tsika https://t.co/eiibdga0qK	negative
ts_dev_00018	@user Swi ta hellah leswo!	negative
ts_dev_00019	A titia lweyi adja COHIBA 😭😭 https://t.co/0NajjuUiOI	negative
ts_dev_00020	@user Porque wena u tsutsumile	negative
ts_dev_00021	@user Vava sati va ti xixa sametaime.	negative
ts_dev_00022	@user A he kona tingana. Vah swi veka dlekeni kunene 💔💔💔	negative
ts_dev_00023	@user Hinkwavu mu nga khanela ih vona ih ti nguavani... The end 😂😂...	negative
ts_dev_00024	@user @user Swi ta gama hi merda 😂😂😂 Loko nifileee munga ni rileneee 😂🔥	negative
ts_dev_00025	A maleeee, ya hellooo!! https://t.co/mv6J34xl7p	negative
ts_dev_00026	@user Hawenna és tu essa??? A xinhopfane	negative
ts_dev_00027	@user Haaa hedjoh. Humani ka swona leswo pah	negative
ts_dev_00028	Ni nguena kwini ka Megan mina	negative
ts_dev_00029	@user Edjo, ni tsiki mina	negative
ts_dev_00030	@user Ni tsiki Denilson 😂😂😂😂😂	negative
ts_dev_00031	@user I wena lwey😭😭😭🤣🤣🤣🤣🤣🤣	negative
ts_dev_00032	@user Hi maka muni 😥😥😥	negative
ts_dev_00033	@user @user Uta pfuka hi choque	negative
ts_dev_00034	@user @user @user @user Cava la ma’combo 🔥🔥🔥 https://t.co/JfhwlIP4ar	negative
ts_dev_00035	@user U tskika ku yi kwapa	negative
ts_dev_00036	Paula vs. Mass Aweee Swita gama hi merda 🔥 #FicaemcasaRealityShow	negative
ts_dev_00037	Fiz stiker com Mr. Bow. 😂😂😂😂😂🔫🔫🔫🔫 ""Ni tá ku panhula hi xinwi da tiro"" 😂😂😂😂 https://t.co/8cCPmtn7OK	negative
ts_dev_00038	@user Ntsen, anze namuntlha hi pfuniwa hi iena, anguezi a hi tsika 🤲🏾	negative
ts_dev_00039	Ele ali blah blah blah... Ni ta ku dhlaya Maki... Vá ku mu shim... Hloku ih ku gah😭😭😭	negative
ts_dev_00040	@user Yoooooo welele mamane. Ulava nitisunga utahanya, kê?	negative
ts_dev_00041	Una swikwembo swa nguendza! Hi yena nyankwavi? Kumbe nyamkwavani https://t.co/QbK5YhaPPg	negative
ts_dev_00042	@user Hedjou mutota xa loya pha🙄😏🤣🤣🤣💔💔 https://t.co/c2TM8R2akp	negative
ts_dev_00043	Edgar Domingos wa hi xanissa 😑	negative
ts_dev_00044	🇵🇹: De repente, deu-me uma chapada 🇲🇿: 2 por 3 no tekiwa hi mphama😹😹💔🔥	negative
ts_dev_00045	U ni tx0vah yinih	negative
ts_dev_00046	@user Uta ni rila, Uta ni khumbula	negative
ts_dev_00047	Morning Cruel World swa mbangui ni ma cigari ntsê	negative
ts_dev_00048	@user Ahahahaha fuck u	negative
ts_dev_00049	@user Ku loyeka moloyi!	negative
ts_dev_00050	Mutavhona nudes ya mwaku	negative
ts_dev_00051	@user Djoh! Taba wena?	negative
ts_dev_00052	Va vasati va taku tsovha	negative
ts_dev_00053	@user #topic he uncle ni huma kayena maybe ani fit kuva ni hanya na yena...rirhandzu arikona. Niri Khombomuni-Mozambique	negative
ts_dev_00054	@user 😂 u khanela ngopfu	negative
ts_dev_00055	Kuhisa ka dyambu kuhi endla hi xaniseka kasi kutitimela hita orha ndzilo	negative
ts_dev_00056	@user mbilo yamina ya vava muhaxi hi xiyimu xa Chiefs. Ku anitivi ku ku humelela yini eshhh. Niri Khombomuni-Mozambique	negative
ts_dev_00057	@user @user Ahm afinal 🙂 ok ok mu tanha matximba	negative
ts_dev_00058	@user Nghamula's na muvona loyi atikomba akudya angaholovana naswona muti ariyexe yo tsoveleliwakunene lava hi lava va malaitxa hala jone mara loko vafika akaya va hembela avanho vaku vona i hende(VA HEMBA)@user @user @user	negative
ts_dev_00059	""Haai fotsek wena!"" https://t.co/cfJ93lgYBT	negative
ts_dev_00060	Futseka wena pah... eish https://t.co/MTCxPd2P4I	negative
ts_dev_00061	Nala nziwena famba. Huma huma huma. #RL #MMCXVI	negative
ts_dev_00062	Mutxumbo swa matximba só! https://t.co/06RanDwb6T	negative
ts_dev_00063	Shiii. Minhas amígdalas 😭😭😭😭 swa wawisseka 🙌🙌	negative
ts_dev_00064	@user Ahahahaha ! Sai wena	negative
ts_dev_00065	@user 😂 ni khazalile hi valandi, ni khanela xibrazileiro swophwi	negative
ts_dev_00066	😂😂😂😂😂😂😂😂😂😂😂💦 u peta mate Mpfana https://t.co/Urhr7AVLBo	negative
ts_dev_00067	""Xa ku xonga gostosa,mas xi ni kehele dzaa ku lhanha, xi woni maraku, xi ku txukatxukanhana mas ah kehele, a wawassati wa danissa pa"" 😭😭😂😂🙌	negative
ts_dev_00068	Hi nada woo ni singuinta a ni xkrava Xa mhuno https://t.co/fk811dRy9H	negative
ts_dev_00069	Uno mona wena😂😂😂 akayi ndawo!!! https://t.co/9nFSYS6wCI	negative
ts_dev_00070	@user Papai wa wena a ni fama lá Mazungane, hi Domingo a kaya ka wena wi vona hi swi patuani, swi ga zungueliwa a swi gantluaniiiii. 🤣🤣😂😂😂	negative
ts_dev_00071	@user @user @user nina wena muhaxi hiloku yi sukile problems liyani kusuka Mozambique	negative
ts_dev_00072	*Mxm, ku loya tsen! https://t.co/lFqsh0GNsF	negative
ts_dev_00073	Ya Niketche .. Paulina Chiziane	neutral
ts_dev_00074	@user Wa gweli mata wanga	neutral
ts_dev_00075	@user Siku ra kahle eka vahaxi hikwavo va MLFM nava ingiserhi. Hambi na kava manani va xikhongelo. iNtukulo wa Gwambe na Dzavale xihluke xa Ngungunyane kusuka la a Gwambeland.	neutral
ts_dev_00076	😅😅😅 mu khanela e ma relacionamento 😂 mawaku	neutral
ts_dev_00077	@user Kola ka maputsu?😂😂😂	neutral
ts_dev_00078	@user @user @user @user @user @user a wu fambi na minkarhi	neutral
ts_dev_00079	Ni taku orientara pahh	neutral
ts_dev_00080	“Paaah uta pfuka hi choque” https://t.co/RIIZRCJ0ls	neutral
ts_dev_00081	""Stupid little bitch, wena wanilava mara ukuluma hi svipiko, Loku univona uhuma maSpritu"" Dentro de dias droppo esta cena, então é isso. https://t.co/IawbpECpnw	neutral
ts_dev_00082	@user @user @user Ehhhhhhhh hiti weekend??? Se Monday to Friday kutava na yini lahaya ka Phaphama?	neutral
ts_dev_00083	Mina ni ne fambila	neutral
ts_dev_00084	Ku nghene vafana vale Mozambique pensel xivondwani bokisi @user #mindzumba	neutral
ts_dev_00085	@user UNGULANI BA KA KHOSA	neutral
ts_dev_00086	@user U swi kumile?	neutral
ts_dev_00087	""Makhombo ya lowo lulama ma tele, Kambe Yehovha wa n’wi kutsula eka wona hinkwawo"" - Psalma 34:19	neutral
ts_dev_00088	@user @user Ntiyido Leyo! Wena wasvitiva.	neutral
ts_dev_00089	Todes, hi va ka ma? https://t.co/NbRnY18hzd	neutral
ts_dev_00090	Mina ahi mina ninga tsala.. Ku tsale @user..... Lol 😂 😂 😂 😂 😂.. Ani dyondzangi phonetics. https://t.co/pKp4TPVIC7	neutral
ts_dev_00091	mina niheta ku hlamba niya xavisa a masweet a ringine ya la diepsloot ext 2 himina adam siolhe la diepsloot akaya hile mozambique chibuto #uyakwini	neutral
ts_dev_00092	@user @user #Xighanga ja tavuya la....mi horisa mbilo ya mina muhaxi ka maxangu ya Chiefs	neutral
ts_dev_00093	Vunanga bya kahle boti Russ Russ niku khoma hi 810dstv nile kaya ka chokwe Mozambique @user @user @user	neutral
ts_dev_00094	@user u fambela kwini djaha la mina	neutral
ts_dev_00095	Teka teka teka teka teka teka teka chegaaaaa... https://t.co/qzVvhuoWze	neutral
ts_dev_00096	Loko era mina! 😂😂😂😂😂 https://t.co/clzQhVxLnc	neutral
ts_dev_00097	Ihh ya 🤣🤣🤣😹👏🏻2x https://t.co/16vjsDXmTe	neutral
ts_dev_00098	@user 😂😂😂😂 vaka maluleke a va kohlwi	neutral
ts_dev_00099	@user @user Ke ko Maputo, wena o va...?	neutral
ts_dev_00100	@user Hehehehe Na swi vona.	neutral
ts_dev_00101	@user Epa ya pa 😁😎	neutral
ts_dev_00102	@user i tiyiso lowo ke or o ku	neutral
ts_dev_00103	Boluha ra Rio Limpopo hila ni nga kona https://t.co/xBkAA3SsFP	neutral
ts_dev_00104	@user Ko geno or ko wena?😂	neutral
ts_dev_00105	@user Kulova swa xijuma-jumani, nkarhi wo swirhambo akuri hava 😄	neutral
ts_dev_00106	Mara wa yimbelela matswabemuda suka madoda @user	neutral
ts_dev_00107	@user @user #HHW sesi famba hi wexe uya vonana na papa swinga endla mhani tsongo vangari kahle	neutral
ts_dev_00108	Ya, wena uh wanuna https://t.co/Lkau7eH3Mr	positive
ts_dev_00109	Mr.Bow - Xikwembu Rhivalela (LMNTVR COVER) 🙏🏽❤️🇲🇿 https://t.co/0ViAHBqQ3b	positive
ts_dev_00110	@user Famba uya Teka..🤲🏽🤣	positive
ts_dev_00111	@user Ni pfukile khanimambo wene ke wo hini ?	positive
ts_dev_00112	@user Ih swa hombe... Na mina ni kwatsi😎	positive
ts_dev_00113	Em changana: “a tsiki ku dondza xkola para a tsama ka mati a yentxa leswiya”	positive
ts_dev_00114	Unga rhuli. Unga heli matimba. A siku lá ntsovelo li ta fika. Tsemba na u tiyissela, konkoma uya malhweni kunene - Tsemba!	positive
ts_dev_00115	@user Swa tsakisa xem	positive
ts_dev_00116	@user HBD muhaxi wamina kula swinene xikwembo xiku katekisa tindlhelene tawena ku navela kawena ku endlheka,ni rivaleli akulhwela ni xave amapawa nilava akuku navelela asiku hi wona niyo pfumala amunu akumu nyiketa😂	positive
ts_dev_00117	Rise and shine. Auxeni va makwezu. Mo yini?	positive
ts_dev_00118	Wena wako sungula https://t.co/aJqRyAInAs	positive
ts_dev_00119	@user Lol mina ni dilitile 😂😂😂	positive
ts_dev_00120	@user cala ukwini ni ni male	positive
ts_dev_00121	Ahi Pfumeleni Ka YESU. https://t.co/fFQymlMcj6	positive
ts_dev_00122	A xtilo swa ndzwana i xwine, xtilo swa bob i xwine, xtilo swa Nsakomaaaa! Heeee hi dhile e DogStyle🔥🔥🔥🙌	positive
ts_dev_00123	Buyani mini pfuna Ku tsaka 🕺🎉😁🙌 https://t.co/lJcG43zICk	positive
ts_dev_00124	Yaba Buluko a invadir a terra do Rand, Salute Dj Tarico.	positive
ts_dev_00125	@user @user Uni gomo lá ku sasseka ntombi	positive
ts_dev_00126	@user 😂😂😂Na mi vona	positive
ts_dev_00127	“Miya ti helleni”😂😂😂😂 https://t.co/vysSZf8zpm	positive
ts_dev_00128	@user Dri Xile. Hoyine ku pfuka?	positive
ts_dev_00129	Nilava ku phuza nifamba @user Muzumuia, Gaza, Mozambique https://t.co/YEeZFUkG8s	positive
ts_dev_00130	Pfulani ndlela, niya vona Mhake wa mina... Niya vona Buti... Niya khoma ti tombe ta maswula... Niya kuma wuswa la ku Sila na dledlela laku tsakatiwa...	positive
ts_dev_00131	Há weh, tlanga u lhuwela de #MelanciadeMoz https://t.co/1aLPypciLA	positive
ts_dev_00132	@user A lirandzu la mina na wena	positive
ts_dev_00133	La famba bicha La teka bicha https://t.co/SUxEIEBk32	positive
ts_dev_00134	@user Ha Xikwembu tatana ha hanha kwatsi, akuna sfwo karhata, vana va tlhanga vatlhela va beliwa hi mumu! KA HISSA	positive
ts_dev_00135	A loko niku ihhh	positive
ts_dev_00136	@user Inna makwezu.. a tsaka swinene	positive
ts_dev_00137	Kuni Lexi Xini Vavissaka Moene Tem Algo Que Me Doe Na Ventania Epha🙆🏾‍♂️mas Lizha James 😂😂😂 ❤👉🇲🇿💯🌍💪✌	positive
ts_dev_00138	A mu txoveloooooo 🏃🏾‍♂️🏃🏾‍♂️🏃🏾‍♂️ https://t.co/t6MsVoFFem	positive
ts_dev_00139	Ni komê ntombi ya lissima...	positive
ts_dev_00140	@user @user Até falhei,dizem HI VITO DZA TATANA NI DZA NWANA NI DZA MOYA WAKU LHAULEKA AMÉM. AMÉM	positive
ts_dev_00141	Mr. Bow - Male Ya Matchangana #MMA	positive
ts_dev_00142	@user @user Inna ni nayo	positive
ts_dev_00143	@user auxene badaya akuna swa ku biya, wena kê?	positive
ts_dev_00144	A ndzutini Wa vovó..... https://t.co/yvhxQ0LspK	positive
ts_dev_00145	@user Na hanya. Akuna swa ku kazata. Khanimambo 🙏🏾	positive
ts_dev_00146	Khoma xi thia Khoma Khoma Khoma Na sua mulher Khoma Khoma Khoma Aikhona unga mu tsike wena Khoma Khoma Khoma No seu marido	positive
ts_dev_00147	#topic nilava va khupula byala na mudende @user @user @user	positive
ts_dev_00148	Mfana wa papa https://t.co/LeZxk3AL0w	positive
ts_dev_00149	Fambani ku etlchela .. 🙅	positive
ts_dev_00150	Edjo Tas vivo Ih https://t.co/FTVoKbPxYN	positive
ts_dev_00151	@user Ina ka, sabemos!	positive
ts_dev_00152	@user 😂 U Hulkile Brada!	positive
ts_dev_00153	A ku khina phela swa ni tsakissa Wah yoo yooo Hi yeah yeah yeah hi yoooo… https://t.co/ILseZGYvS7	positive
ts_dev_00154	@user Ni bom, nouta xizami wena keh ?	positive
ts_dev_00155	@user @user @user @user @user va tava 💪strong	positive
ts_dev_00156	@user Hehe Ya maning ""	positive
ts_dev_00157	+1 .... Do Teka Famba* 😿 https://t.co/D6sCRwlon2	positive
ts_dev_00158	Yoh koma xtensao hiya vheka u dia himissava	positive
ts_dev_00159	@user Pfukile ah hombe ingo wena?	positive
ts_dev_00160	@user @user @user #topic mina nilava va tlakusa byala na mudende	positive
ts_dev_00161	A sati wa mina ni murandza swineni 😍 😩 👏 https://t.co/XHxDB2nfMk	positive
ts_dev_00162	@user Ho yini kupfhuka?	positive
ts_dev_00163	Viver anima! A ku hanha swa nandzika!	positive
ts_dev_00164	@user ni kwala Tsakani bottle store https://t.co/aSng3k4t58	positive
ts_dev_00165	Niku khoma hi 810dstv chokwe @user	positive
ts_dev_00166	@user Ih ta boa 💃🏽💃🏽	positive
ts_dev_00167	Tou Biz num Teka famba ih, or pizza	positive
ts_dev_00168	Na ku Thanda. '	positive
ts_dev_00169	@user ni bom vo hine kaiya kwako?	positive
ts_dev_00170	Namutla hi siku laku tsaka, nguena Thepelene mwananga... ♥ ☺ #God.	positive
ts_dev_00171	@user @user ku kahle kahle nwana se uva tolovelini ku unwi hlayise kahle	positive
ts_dev_00172	@user swina nkoka swaku vandyondzisiwa andavuko wa hina, hi yendlhela ku vanga tivi mitxino yo rhuketela😂	positive
ts_dev_00173	Wa rhandziwa hi nwana wa fika Ka Mina ??? @user https://t.co/UCortaEcbq	positive
ts_dev_00174	Zabela wa mina... Na ku xuva ngopfu nkata!!! 💓😍😘 Minha granny is… https://t.co/i8Eiz5BC8n	positive
ts_dev_00175	@user Famba Xikolwene Ndwena.	positive
ts_dev_00176	@user Teka famba djo	positive
ts_dev_00177	😂 nibom, wena ke'? 😁 https://t.co/dd6fznGrGp	positive
ts_dev_00178	@user Nipfuki kwatsi ndoena, hantivi wena?	positive
ts_dev_00179	@user ta khipa, tolo ni xise chipenhi matlelo yale xai-xai	positive
ts_dev_00180	ah haina txumo.. vatxongwona vá xenga.. https://t.co/R7AczYyZQd	positive
ts_dev_00181	u ta rwala ntsovelo i siku lo tsaka u ta rwala ntsovelo	positive
ts_dev_00182	@user @user Ni txunarele vabai 😂😂😂😂😂😂	positive
ts_dev_00183	@user ndzi kahle ngopfu ndzi khensa vuyingiseri bya wena paito hina hi kwala bileni ka masiya hi ya ka xaixai	positive
ts_dev_00184	@user namina ni cool mungan0..'Kkkkk..ama novidade ke.?	positive
ts_dev_00185	Mara sesi lava vona hey💣💣💣🌹🌹i xiluva xa mbilu yanga xoooo @user Ponta Malongane Beach https://t.co/9WUv4zFoK7	positive
ts_dev_00186	@user 😂😂niwakhali ni makhastamo mina, unganivhoni	positive
ts_dev_00187	@user @user @user @user ni fike kalhe khensa ku naveleriwa rendzo lerinene	positive
ts_dev_00188	Kanimambo mamani na ku kensa ❤️ @user Mozambique https://t.co/YboajRP2fX	positive
ts_dev_00189	Kulo sala two days Ku ni vuyela Africa do sul	positive
ts_dev_00190	BEKA MA VHOKO HENLHA AND SAY WASSUP! NTWANA WA NI VHONA. MY TIME IS ON THE WAY!	positive
ts_dev_00191	@user @user Ku sukela nini ka mama?	positive
ts_dev_00192	@user wa ndzi tsakisa loko u vulavula xitsonga @user Hlaya....😊 https://t.co/KaawS6lq28	positive
ts_dev_00193	@user @user loko mo tlanga draw Ku tava lucky	positive
ts_dev_00194	Ih matapa djo	positive
ts_dev_00195	@user Ni pfhukile. Ni khensile.	positive
ts_dev_00196	@user @user Wena wa xwitiva	positive
ts_dev_00197	@user @user @user ha khensa a swive tano nale ka wena	positive
ts_dev_00198	Np: A swa lissima iku ti Beka hansi - @user , #IBS	positive
ts_dev_00199	@user DJ Brian nzi kombela a ngoma leya summer wa rhanza Ku endla advert ha yona ka TV hambi mi tsanzeka rumelela Vito	positive
ts_dev_00200	@user @user Wena wa xi tiva	positive
ts_dev_00201	@user hi swinwe niri la Mozambique nikha ntlangela birthday ya mina	positive
ts_dev_00202	@user Ni pfhukile. Khanimambo. Ho ini kupfhuka?	positive
ts_dev_00203	“Hita famba moyeni” 🇲🇿 @user Chingozi Airport https://t.co/gU1amZUixq	positive
